{
	"appId": "com.gkbc.mobile",
	"appName": "GKBC Mobile",
	"webDir": "dist",
	"server": {
		"androidScheme": "https"
	},
	"plugins": {
		"SplashScreen": {
			"launchShowDuration": 2000,
			"backgroundColor": "#3b82f6",
			"showSpinner": false,
			"androidSpinnerStyle": "large",
			"iosSpinnerStyle": "small",
			"splashFullScreen": true,
			"splashImmersive": true
		},
		"StatusBar": {
			"style": "dark",
			"backgroundColor": "#3b82f6"
		}
	},
	"packageClassList": [
		"AppPlugin",
		"CAPCameraPlugin",
		"FilesystemPlugin",
		"KeyboardPlugin",
		"CAPNetworkPlugin",
		"SplashScreenPlugin",
		"StatusBarPlugin",
		"ToastPlugin"
	]
}
